reservation_id,probabilite_annulation,reservation_annulee
R002267,0.5,0
R002852,0.5,0
R003752,0.5,0
R009926,0.5,0
R000141,0.5,0
R004537,0.5,0
R004983,0.5,0
R005365,0.5,0
R006971,0.5,0
R008403,0.5,0
R008416,0.5,0
R009595,0.5,0
R009766,0.5,0
R000233,0.5,0
R000625,0.5,0
R002042,0.5,0
R003015,0.5,0
R003117,0.5,0
R003148,0.5,0
R003676,0.5,0
R006636,0.5,0
R008171,0.5,0
R002243,0.5,0
R002302,0.5,0
R002359,0.5,0
R002654,0.5,0
R003221,0.5,0
R003380,0.5,0
R004049,0.5,0
R008147,0.5,0
R009760,0.5,0
R000979,0.5,0
R003368,0.5,0
R009905,0.5,0
R002964,0.5,0
R003403,0.5,0
R003712,0.5,0
R004881,0.5,0
R006924,0.5,0
R008031,0.5,0
R009437,0.5,0
R000644,0.5,0
R002676,0.5,0
R003419,0.5,0
R005008,0.5,0
R005401,0.5,0
R005804,0.5,0
R007627,0.5,0
R007851,0.5,0
R000525,0.5,0
R002285,0.5,0
R003011,0.5,0
R004110,0.5,0
R004282,0.5,0
R004532,0.5,0
R004992,0.5,0
R009219,0.5,0
R009479,0.5,0
R009731,0.5,0
R003408,0.5,0
R004766,0.5,0
R005476,0.5,0
R009380,0.5,0
R000792,0.5,0
R001704,0.5,0
R004631,0.5,0
R005547,0.5,0
R006305,0.5,0
R008428,0.5,0
R009641,0.5,0
R000736,0.5,0
R001176,0.5,0
R002092,0.5,0
R005356,0.5,0
R007599,0.5,0
R007696,0.5,0
R007792,0.5,0
R007832,0.5,0
R008743,0.5,0
R009077,0.5,0
R009886,0.5,0
R000268,0.5,0
R004304,0.5,0
R004455,0.5,0
R005150,0.5,0
R007424,0.5,0
R004557,0.5,0
R007129,0.5,0
R007311,0.5,0
R008725,0.5,0
R008814,0.5,0
R009426,0.5,0
R000064,0.5,0
R001270,0.5,0
R002221,0.5,0
R003274,0.5,0
R007834,0.5,0
R007847,0.5,0
R008511,0.5,0
R009727,0.5,0
R001899,0.5,0
R003259,0.5,0
R003570,0.5,0
R003800,0.5,0
R005121,0.5,0
R006029,0.5,0
R006602,0.5,0
R007495,0.5,0
R009482,0.5,0
R009883,0.5,0
R001083,0.5,0
R002503,0.5,0
R002530,0.5,0
R002531,0.5,0
R004210,0.5,0
R005248,0.5,0
R006536,0.5,0
R006819,0.5,0
R008672,0.5,0
R009043,0.5,0
R009454,0.5,0
R000662,0.5,0
R002687,0.5,0
R002940,0.5,0
R003028,0.5,0
R003673,0.5,0
R005329,0.5,0
R005607,0.5,0
R001350,0.5,0
R002425,0.5,0
R002490,0.5,0
R003061,0.5,0
R003184,0.5,0
R003367,0.5,0
R003580,0.5,0
R005333,0.5,0
R006410,0.5,0
R006745,0.5,0
R008301,0.5,0
R009668,0.5,0
R001885,0.5,0
R003843,0.5,0
R006975,0.5,0
R007622,0.5,0
R008314,0.5,0
R000576,0.5,0
R000643,0.5,0
R001751,0.5,0
R002644,0.5,0
R002915,0.5,0
R004055,0.5,0
R004080,0.5,0
R004396,0.5,0
R004487,0.5,0
R004764,0.5,0
R009236,0.5,0
R009248,0.5,0
R000868,0.5,0
R001921,0.5,0
R001980,0.5,0
R003255,0.5,0
R003352,0.5,0
R004781,0.5,0
R005451,0.5,0
R008598,0.5,0
R009008,0.5,0
R009902,0.5,0
R000840,0.5,0
R004985,0.5,0
R006216,0.5,0
R006436,0.5,0
R006517,0.5,0
R007029,0.5,0
R008694,0.5,0
R009709,0.5,0
R000053,0.5,0
R001524,0.5,0
R002217,0.5,0
R003284,0.5,0
R004852,0.5,0
R006952,0.5,0
R008413,0.5,0
R009491,0.5,0
R009891,0.5,0
R000075,0.5,0
R001443,0.5,0
R001716,0.5,0
R002219,0.5,0
R003736,0.5,0
R004279,0.5,0
R005263,0.5,0
R005940,0.5,0
R006181,0.5,0
R006240,0.5,0
R006655,0.5,0
R006996,0.5,0
R007158,0.5,0
R008257,0.5,0
R001596,0.5,0
R001679,0.5,0
R003841,0.5,0
R006340,0.5,0
R007191,0.5,0
R007815,0.5,0
R008658,0.5,0
R009907,0.5,0
R009942,0.5,0
R000237,0.5,0
R000785,0.5,0
R001208,0.5,0
R001392,0.5,0
R002478,0.5,0
R003276,0.5,0
R006442,0.5,0
R007884,0.5,0
R001513,0.5,0
R002750,0.5,0
R004480,0.5,0
R004553,0.5,0
R004966,0.5,0
R005428,0.5,0
R005716,0.5,0
R006689,0.5,0
R000301,0.5,0
R001480,0.5,0
R002874,0.5,0
R002886,0.5,0
R004994,0.5,0
R006983,0.5,0
R007743,0.5,0
R008452,0.5,0
R000114,0.5,0
R003883,0.5,0
R004393,0.5,0
R004428,0.5,0
R000405,0.5,0
R001500,0.5,0
R004001,0.5,0
R004775,0.5,0
R004956,0.5,0
R006185,0.5,0
R007996,0.5,0
R008152,0.5,0
R000292,0.5,0
R001776,0.5,0
R003776,0.5,0
R004267,0.5,0
R004402,0.5,0
R004464,0.5,0
R004736,0.5,0
R005907,0.5,0
R007594,0.5,0
R007849,0.5,0
R008701,0.5,0
R000189,0.5,0
R002993,0.5,0
R004807,0.5,0
R005911,0.5,0
R006087,0.5,0
R007408,0.5,0
R007650,0.5,0
R007983,0.5,0
R009958,0.5,0
R001614,0.5,0
R002724,0.5,0
R005149,0.5,0
R006102,0.5,0
R006813,0.5,0
R008040,0.5,0
R009103,0.5,0
R009992,0.5,0
R003647,0.5,0
R006561,0.5,0
R007852,0.5,0
R007868,0.5,0
R008491,0.5,0
R008492,0.5,0
R009222,0.5,0
R001695,0.5,0
R003579,0.5,0
R004262,0.5,0
R007818,0.5,0
R008813,0.5,0
R008825,0.5,0
R008985,0.5,0
R000288,0.5,0
R000439,0.5,0
R001522,0.5,0
R003381,0.5,0
R004522,0.5,0
R009508,0.5,0
R000853,0.5,0
R001002,0.5,0
R002642,0.5,0
R006706,0.5,0
R006959,0.5,0
R009334,0.5,0
R009553,0.5,0
R000134,0.5,0
R000854,0.5,0
R001803,0.5,0
R003302,0.5,0
R005425,0.5,0
R005552,0.5,0
R008114,0.5,0
R009787,0.5,0
R009836,0.5,0
R009889,0.5,0
R009896,0.5,0
R001429,0.5,0
R004718,0.5,0
R005411,0.5,0
R005914,0.5,0
R005941,0.5,0
R007500,0.5,0
R001983,0.5,0
R002813,0.5,0
R003430,0.5,0
R005067,0.5,0
R006452,0.5,0
R006587,0.5,0
R006889,0.5,0
R006986,0.5,0
R008718,0.5,0
R008758,0.5,0
R000287,0.5,0
R001583,0.5,0
R001995,0.5,0
R002518,0.5,0
R002522,0.5,0
R003667,0.5,0
R004177,0.5,0
R004820,0.5,0
R005244,0.5,0
R005653,0.5,0
R008122,0.5,0
R008245,0.5,0
R008394,0.5,0
R001709,0.5,0
R003083,0.5,0
R003852,0.5,0
R004333,0.5,0
R007999,0.5,0
R008312,0.5,0
R009879,0.5,0
R000056,0.5,0
R000121,0.5,0
R002149,0.5,0
R004459,0.5,0
R006054,0.5,0
R000006,0.5,0
R000042,0.5,0
R001033,0.5,0
R001219,0.5,0
R003132,0.5,0
R003554,0.5,0
R003815,0.5,0
R003851,0.5,0
R003927,0.5,0
R004313,0.5,0
R004405,0.5,0
R005052,0.5,0
R006055,0.5,0
R006125,0.5,0
R006273,0.5,0
R006384,0.5,0
R006693,0.5,0
R007836,0.5,0
R008282,0.5,0
R009885,0.5,0
R001021,0.5,0
R001188,0.5,0
R001985,0.5,0
R002878,0.5,0
R003681,0.5,0
R005820,0.5,0
R007519,0.5,0
R009492,0.5,0
R009821,0.5,0
R000593,0.5,0
R000733,0.5,0
R001172,0.5,0
R001379,0.5,0
R001951,0.5,0
R002641,0.5,0
R003183,0.5,0
R004265,0.5,0
R006712,0.5,0
R009588,0.5,0
R000059,0.5,0
R000265,0.5,0
R000406,0.5,0
R001641,0.5,0
R002352,0.5,0
R004559,0.5,0
R005783,0.5,0
R006534,0.5,0
R009531,0.5,0
R000081,0.5,0
R000186,0.5,0
R001027,0.5,0
R002782,0.5,0
R002807,0.5,0
R002838,0.5,0
R003817,0.5,0
R004359,0.5,0
R004373,0.5,0
R005063,0.5,0
R006206,0.5,0
R006514,0.5,0
R007661,0.5,0
R009789,0.5,0
R003606,0.5,0
R004092,0.5,0
R004179,0.5,0
R006223,0.5,0
R006943,0.5,0
R008244,0.5,0
R008408,0.5,0
R008921,0.5,0
R009096,0.5,0
R000528,0.5,0
R001812,0.5,0
R001986,0.5,0
R002034,0.5,0
R004250,0.5,0
R004385,0.5,0
R007702,0.5,0
R007720,0.5,0
R008759,0.5,0
R008768,0.5,0
R009030,0.5,0
R009119,0.5,0
R000388,0.5,0
R002228,0.5,0
R002646,0.5,0
R002901,0.5,0
R003341,0.5,0
R004716,0.5,0
R007185,0.5,0
R008060,0.5,0
R008812,0.5,0
R000182,0.5,0
R000417,0.5,0
R000565,0.5,0
R000626,0.5,0
R002507,0.5,0
R002761,0.5,0
R003251,0.5,0
R004946,0.5,0
R006362,0.5,0
R006678,0.5,0
R006915,0.5,0
R006941,0.5,0
R007205,0.5,0
R008850,0.5,0
R009386,0.5,0
R009973,0.5,0
R000737,0.5,0
R002543,0.5,0
R004297,0.5,0
R005903,0.5,0
R006277,0.5,0
R008753,0.5,0
R009173,0.5,0
R009950,0.5,0
R000726,0.5,0
R001032,0.5,0
R002906,0.5,0
R004273,0.5,0
R004707,0.5,0
R004891,0.5,0
R005925,0.5,0
R006342,0.5,0
R006657,0.5,0
R009682,0.5,0
R000524,0.5,0
R000554,0.5,0
R000911,0.5,0
R001526,0.5,0
R001842,0.5,0
R002966,0.5,0
R003710,0.5,0
R004912,0.5,0
R004959,0.5,0
R005482,0.5,0
R006043,0.5,0
R006543,0.5,0
R007614,0.5,0
R009844,0.5,0
R001280,0.5,0
R001377,0.5,0
R001939,0.5,0
R002971,0.5,0
R005104,0.5,0
R006298,0.5,0
R006396,0.5,0
R007563,0.5,0
R009825,0.5,0
R001250,0.5,0
R003155,0.5,0
R003829,0.5,0
R004430,0.5,0
R006139,0.5,0
R004018,0.5,0
R004346,0.5,0
R007580,0.5,0
R008207,0.5,0
R009389,0.5,0
R009827,0.5,0
R001011,0.5,0
R001563,0.5,0
R002150,0.5,0
R003609,0.5,0
R004510,0.5,0
R006300,0.5,0
R008055,0.5,0
R008521,0.5,0
R000544,0.5,0
R000658,0.5,0
R001100,0.5,0
R001710,0.5,0
R002002,0.5,0
R006201,0.5,0
R008251,0.5,0
R000153,0.5,0
R002247,0.5,0
R003268,0.5,0
R003908,0.5,0
R004281,0.5,0
R005728,0.5,0
R006033,0.5,0
R007039,0.5,0
R009135,0.5,0
R009818,0.5,0
R001020,0.5,0
R001093,0.5,0
R003176,0.5,0
R004068,0.5,0
R004320,0.5,0
R004568,0.5,0
R006016,0.5,0
R007087,0.5,0
R007770,0.5,0
R001137,0.5,0
R001374,0.5,0
R001736,0.5,0
R001769,0.5,0
R002871,0.5,0
R006373,0.5,0
R006509,0.5,0
R008047,0.5,0
R008951,0.5,0
R009806,0.5,0
R000365,0.5,0
R000384,0.5,0
R001877,0.5,0
R003103,0.5,0
R003517,0.5,0
R005584,0.5,0
R006690,0.5,0
R007826,0.5,0
R008724,0.5,0
R009406,0.5,0
R009549,0.5,0
R001122,0.5,0
R002597,0.5,0
R002847,0.5,0
R003382,0.5,0
R006754,0.5,0
R001341,0.5,0
R001767,0.5,0
R003393,0.5,0
R008818,0.5,0
R008908,0.5,0
R009649,0.5,0
R000196,0.5,0
R001582,0.5,0
R002305,0.5,0
R003135,0.5,0
R007075,0.5,0
R008795,0.5,0
R009133,0.5,0
R002963,0.5,0
R002970,0.5,0
R004978,0.5,0
R005840,0.5,0
R006837,0.5,0
R007301,0.5,0
R008170,0.5,0
R009225,0.5,0
R000357,0.5,0
R000457,0.5,0
R001490,0.5,0
R001547,0.5,0
R002086,0.5,0
R003072,0.5,0
R003355,0.5,0
R003806,0.5,0
R004242,0.5,0
R005418,0.5,0
R006468,0.5,0
R007455,0.5,0
R007493,0.5,0
R007680,0.5,0
R008426,0.5,0
R009582,0.5,0
R009664,0.5,0
R001046,0.5,0
R002236,0.5,0
R002582,0.5,0
R002952,0.5,0
R005674,0.5,0
R005899,0.5,0
R006316,0.5,0
R006411,0.5,0
R007370,0.5,0
R007525,0.5,0
R007768,0.5,0
R007923,0.5,0
R008592,0.5,0
R009365,0.5,0
R009831,0.5,0
R001945,0.5,0
R003945,0.5,0
R004020,0.5,0
R004589,0.5,0
R005934,0.5,0
R006177,0.5,0
R008071,0.5,0
R008313,0.5,0
R009025,0.5,0
R009210,0.5,0
R001527,0.5,0
R002079,0.5,0
R002322,0.5,0
R004884,0.5,0
R007323,0.5,0
R008250,0.5,0
R008580,0.5,0
R001354,0.5,0
R002934,0.5,0
R005750,0.5,0
R006013,0.5,0
R008675,0.5,0
R008695,0.5,0
R008884,0.5,0
R002240,0.5,0
R002268,0.5,0
R002590,0.5,0
R002891,0.5,0
R003314,0.5,0
R003470,0.5,0
R005026,0.5,0
R006417,0.5,0
R006613,0.5,0
R007044,0.5,0
R008061,0.5,0
R009163,0.5,0
R004317,0.5,0
R005298,0.5,0
R006354,0.5,0
R007164,0.5,0
R007325,0.5,0
R009323,0.5,0
R002483,0.5,0
R002801,0.5,0
R005032,0.5,0
R006454,0.5,0
R006872,0.5,0
R008331,0.5,0
R009152,0.5,0
R009522,0.5,0
R009669,0.5,0
R009711,0.5,0
R001047,0.5,0
R001662,0.5,0
R002357,0.5,0
R005377,0.5,0
R005395,0.5,0
R006978,0.5,0
R000987,0.5,0
R001584,0.5,0
R002677,0.5,0
R002785,0.5,0
R003214,0.5,0
R004211,0.5,0
R007879,0.5,0
R008086,0.5,0
R008666,0.5,0
R008740,0.5,0
R009644,0.5,0
R000739,0.5,0
R003457,0.5,0
R003964,0.5,0
R004739,0.5,0
R005053,0.5,0
R006218,0.5,0
R008938,0.5,0
R009570,0.5,0
R009589,0.5,0
R002402,0.5,0
R003172,0.5,0
R003340,0.5,0
R003445,0.5,0
R003597,0.5,0
R004391,0.5,0
R005457,0.5,0
R005551,0.5,0
R006256,0.5,0
R009185,0.5,0
R000722,0.5,0
R000749,0.5,0
R000989,0.5,0
R001082,0.5,0
R001740,0.5,0
R002423,0.5,0
R002429,0.5,0
R005353,0.5,0
R005897,0.5,0
R006255,0.5,0
R006614,0.5,0
R009355,0.5,0
R009448,0.5,0
R001428,0.5,0
R002420,0.5,0
R005281,0.5,0
R006654,0.5,0
R008233,0.5,0
R008781,0.5,0
R009390,0.5,0
R000799,0.5,0
R002037,0.5,0
R002453,0.5,0
R002996,0.5,0
R004563,0.5,0
R004661,0.5,0
R005133,0.5,0
R006459,0.5,0
R007008,0.5,0
R008270,0.5,0
R000548,0.5,0
R001263,0.5,0
R001267,0.5,0
R001755,0.5,0
R002122,0.5,0
R002904,0.5,0
R003262,0.5,0
R004039,0.5,0
R004089,0.5,0
R004278,0.5,0
R004574,0.5,0
R005947,0.5,0
R006237,0.5,0
R006665,0.5,0
R008594,0.5,0
R008649,0.5,0
R000034,0.5,0
R001783,0.5,0
R001953,0.5,0
R002881,0.5,0
R004776,0.5,0
R005078,0.5,0
R006343,0.5,0
R006616,0.5,0
R007038,0.5,0
R008212,0.5,0
R002648,0.5,0
R002959,0.5,0
R003462,0.5,0
R004375,0.5,0
R005355,0.5,0
R006412,0.5,0
R008258,0.5,0
R009951,0.5,0
R001822,0.5,0
R001981,0.5,0
R002805,0.5,0
R003418,0.5,0
R006530,0.5,0
R007422,0.5,0
R000423,0.5,0
R001186,0.5,0
R001378,0.5,0
R002301,0.5,0
R002630,0.5,0
R003663,0.5,0
R003808,0.5,0
R004650,0.5,0
R004747,0.5,0
R005553,0.5,0
R006532,0.5,0
R006799,0.5,0
R007116,0.5,0
R009379,0.5,0
R000965,0.5,0
R001119,0.5,0
R001318,0.5,0
R001937,0.5,0
R002253,0.5,0
R003782,0.5,0
R003890,0.5,0
R004152,0.5,0
R006877,0.5,0
R007210,0.5,0
R008128,0.5,0
R008151,0.5,0
R009201,0.5,0
R009847,0.5,0
R000560,0.5,0
R003288,0.5,0
R003869,0.5,0
R004048,0.5,0
R004306,0.5,0
R004632,0.5,0
R006047,0.5,0
R006359,0.5,0
R008179,0.5,0
R009577,0.5,0
R009758,0.5,0
R002931,0.5,0
R002944,0.5,0
R005807,0.5,0
R006088,0.5,0
R009784,0.5,0
R000090,0.5,0
R000852,0.5,0
R001286,0.5,0
R001322,0.5,0
R003180,0.5,0
R003258,0.5,0
R003899,0.5,0
R005730,0.5,0
R006428,0.5,0
R006933,0.5,0
R008382,0.5,0
R009563,0.5,0
R000514,0.5,0
R000556,0.5,0
R005456,0.5,0
R006421,0.5,0
R007830,0.5,0
R008283,0.5,0
R008601,0.5,0
R009465,0.5,0
R000067,0.5,0
R000703,0.5,0
R001059,0.5,0
R002035,0.5,0
R002855,0.5,0
R003203,0.5,0
R005233,0.5,0
R006162,0.5,0
R006224,0.5,0
R006863,0.5,0
R008172,0.5,0
R008637,0.5,0
R009316,0.5,0
R009344,0.5,0
R002440,0.5,0
R002689,0.5,0
R004512,0.5,0
R006176,0.5,0
R006835,0.5,0
R006958,0.5,0
R007057,0.5,0
R008074,0.5,0
R008696,0.5,0
R000296,0.5,0
R002148,0.5,0
R003060,0.5,0
R003201,0.5,0
R003887,0.5,0
R004577,0.5,0
R005595,0.5,0
R006499,0.5,0
R008177,0.5,0
R009116,0.5,0
R009347,0.5,0
R009750,0.5,0
R000018,0.5,0
R000200,0.5,0
R002872,0.5,0
R003508,0.5,0
R004169,0.5,0
R004207,0.5,0
R004828,0.5,0
R006286,0.5,0
R004497,0.5,0
R006311,0.5,0
R008121,0.5,0
R008843,0.5,0
R008846,0.5,0
R009050,0.5,0
R009063,0.5,0
R009584,0.5,0
R009707,0.5,0
R001461,0.5,0
R001542,0.5,0
R005689,0.5,0
R005731,0.5,0
R007281,0.5,0
R007675,0.5,0
R008390,0.5,0
R009020,0.5,0
R000143,0.5,0
R000903,0.5,0
R001476,0.5,0
R002246,0.5,0
R002459,0.5,0
R002479,0.5,0
R002978,0.5,0
R003553,0.5,0
R004501,0.5,0
R004701,0.5,0
R005594,0.5,0
R006400,0.5,0
R007024,0.5,0
R008853,0.5,0
R009045,0.5,0
R009908,0.5,0
R000069,0.5,0
R003104,0.5,0
R005349,0.5,0
R006686,0.5,0
R008575,0.5,0
R009088,0.5,0
R009182,0.5,0
R000575,0.5,0
R001996,0.5,0
R003397,0.5,0
R004021,0.5,0
R004263,0.5,0
R004540,0.5,0
R004737,0.5,0
R005705,0.5,0
R005754,0.5,0
R006325,0.5,0
R000073,0.5,0
R000994,0.5,0
R004792,0.5,0
R004875,0.5,0
R005278,0.5,0
R007373,0.5,0
R007487,0.5,0
R008719,0.5,0
R008869,0.5,0
R009305,0.5,0
R001151,0.5,0
R001340,0.5,0
R003080,0.5,0
R003879,0.5,0
R004162,0.5,0
R004368,0.5,0
R005106,0.5,0
R007251,0.5,0
R009970,0.5,0
R003098,0.5,0
R003867,0.5,0
R004066,0.5,0
R004188,0.5,0
R004192,0.5,0
R005442,0.5,0
R005453,0.5,0
R005567,0.5,0
R005805,0.5,0
R007579,0.5,0
R008124,0.5,0
R009366,0.5,0
R009676,0.5,0
R009710,0.5,0
R000026,0.5,0
R002054,0.5,0
R002656,0.5,0
R003157,0.5,0
R004108,0.5,0
R004142,0.5,0
R004322,0.5,0
R005978,0.5,0
R007368,0.5,0
R007899,0.5,0
R008805,0.5,0
R000226,0.5,0
R000247,0.5,0
R000433,0.5,0
R002016,0.5,0
R003718,0.5,0
R005835,0.5,0
R007776,0.5,0
R007881,0.5,0
R008410,0.5,0
R009934,0.5,0
R001170,0.5,0
R001919,0.5,0
R001967,0.5,0
R005951,0.5,0
R006723,0.5,0
R008044,0.5,0
R000564,0.5,0
R001455,0.5,0
R006235,0.5,0
R006695,0.5,0
R008202,0.5,0
R000680,0.5,0
R001160,0.5,0
R001765,0.5,0
R002740,0.5,0
R006882,0.5,0
R006981,0.5,0
R007955,0.5,0
R009081,0.5,0
R001586,0.5,0
R003550,0.5,0
R003689,0.5,0
R004182,0.5,0
R004240,0.5,0
R005211,0.5,0
R007201,0.5,0
R007407,0.5,0
R007801,0.5,0
R008085,0.5,0
R008765,0.5,0
R009487,0.5,0
R000649,0.5,0
R003066,0.5,0
R003159,0.5,0
R004973,0.5,0
R005511,0.5,0
R005760,0.5,0
R006791,0.5,0
R008294,0.5,0
R008296,0.5,0
R008671,0.5,0
R002586,0.5,0
R003427,0.5,0
R003794,0.5,0
R004008,0.5,0
R004019,0.5,0
R005954,0.5,0
R006617,0.5,0
R006676,0.5,0
R007183,0.5,0
R009327,0.5,0
R000070,0.5,0
R000825,0.5,0
R001660,0.5,0
R003102,0.5,0
R004687,0.5,0
R005968,0.5,0
R006942,0.5,0
R007346,0.5,0
R008722,0.5,0
R000861,0.5,0
R002114,0.5,0
R003356,0.5,0
R005016,0.5,0
R005905,0.5,0
R005906,0.5,0
R008723,0.5,0
R009349,0.5,0
R000812,0.5,0
R002207,0.5,0
R002316,0.5,0
R002486,0.5,0
R004222,0.5,0
R004850,0.5,0
R005935,0.5,0
R006622,0.5,0
R007824,0.5,0
R008036,0.5,0
R000945,0.5,0
R001516,0.5,0
R003079,0.5,0
R003761,0.5,0
R005030,0.5,0
R005733,0.5,0
R007389,0.5,0
R007492,0.5,0
R008033,0.5,0
R008169,0.5,0
R009618,0.5,0
R000470,0.5,0
R001104,0.5,0
R002248,0.5,0
R003329,0.5,0
R007667,0.5,0
R001144,0.5,0
R002295,0.5,0
R002577,0.5,0
R006767,0.5,0
R008162,0.5,0
R008670,0.5,0
R009523,0.5,0
R009856,0.5,0
R000483,0.5,0
R001733,0.5,0
R002201,0.5,0
R002448,0.5,0
R003790,0.5,0
R006106,0.5,0
R006890,0.5,0
R007142,0.5,0
R007856,0.5,0
R009526,0.5,0
R002249,0.5,0
R003186,0.5,0
R006166,0.5,0
R006221,0.5,0
R006251,0.5,0
R007001,0.5,0
R009499,0.5,0
R002287,0.5,0
R002318,0.5,0
R002770,0.5,0
R002896,0.5,0
R003758,0.5,0
R004475,0.5,0
R004674,0.5,0
R006128,0.5,0
R007676,0.5,0
R007946,0.5,0
R008539,0.5,0
R008593,0.5,0
R008716,0.5,0
R008777,0.5,0
R008791,0.5,0
R009035,0.5,0
R000091,0.5,0
R000398,0.5,0
R001175,0.5,0
R005317,0.5,0
R005546,0.5,0
R005633,0.5,0
R008630,0.5,0
R008988,0.5,0
R000765,0.5,0
R001829,0.5,0
R002120,0.5,0
R003930,0.5,0
R006239,0.5,0
R007432,0.5,0
R007907,0.5,0
R008364,0.5,0
R009258,0.5,0
R000240,0.5,0
R000912,0.5,0
R006155,0.5,0
R006287,0.5,0
R008680,0.5,0
R009314,0.5,0
R009532,0.5,0
R001914,0.5,0
R002229,0.5,0
R002361,0.5,0
R003917,0.5,0
R005836,0.5,0
R005992,0.5,0
R007914,0.5,0
R000919,0.5,0
R001307,0.5,0
R001400,0.5,0
R001537,0.5,0
R001637,0.5,0
R002447,0.5,0
R002691,0.5,0
R005253,0.5,0
R005625,0.5,0
R009937,0.5,0
R009978,0.5,0
R000317,0.5,0
R000578,0.5,0
R001502,0.5,0
R001711,0.5,0
R003277,0.5,0
R003915,0.5,0
R005600,0.5,0
R006771,0.5,0
R008968,0.5,0
R009075,0.5,0
R009168,0.5,0
R009764,0.5,0
R000934,0.5,0
R003147,0.5,0
R003230,0.5,0
R007891,0.5,0
R008714,0.5,0
R001433,0.5,0
R003901,0.5,0
R004155,0.5,0
R005996,0.5,0
R006900,0.5,0
R007081,0.5,0
R007250,0.5,0
R001396,0.5,0
R003459,0.5,0
R005337,0.5,0
R000185,0.5,0
R000426,0.5,0
R000588,0.5,0
R000589,0.5,0
R000776,0.5,0
R000885,0.5,0
R001373,0.5,0
R001403,0.5,0
R001610,0.5,0
R002143,0.5,0
R004521,0.5,0
R005960,0.5,0
R007247,0.5,0
R008438,0.5,0
R009674,0.5,0
R000341,0.5,0
R000487,0.5,0
R001085,0.5,0
R003003,0.5,0
R003561,0.5,0
R004070,0.5,0
R004147,0.5,0
R004918,0.5,0
R005170,0.5,0
R005225,0.5,0
R006934,0.5,0
R007071,0.5,0
R008875,0.5,0
R000005,0.5,0
R000600,0.5,0
R002809,0.5,0
R002869,0.5,0
R003254,0.5,0
R005572,0.5,0
R006053,0.5,0
R001726,0.5,0
R002029,0.5,0
R002110,0.5,0
R002474,0.5,0
R003051,0.5,0
R003785,0.5,0
R004036,0.5,0
R005341,0.5,0
R005533,0.5,0
R006521,0.5,0
R008067,0.5,0
R009243,0.5,0
R000709,0.5,0
R000887,0.5,0
R002064,0.5,0
R002491,0.5,0
R003433,0.5,0
R003959,0.5,0
R008218,0.5,0
R008643,0.5,0
R000898,0.5,0
R001299,0.5,0
R001672,0.5,0
R002220,0.5,0
R002266,0.5,0
R002853,0.5,0
R004844,0.5,0
R005491,0.5,0
R006792,0.5,0
R001079,0.5,0
R001608,0.5,0
R001721,0.5,0
R001778,0.5,0
R003827,0.5,0
R003911,0.5,0
R005799,0.5,0
R007189,0.5,0
R007643,0.5,0
R008623,0.5,0
R000555,0.5,0
R001498,0.5,0
R001625,0.5,0
R004302,0.5,0
R006369,0.5,0
R006957,0.5,0
R007878,0.5,0
R008434,0.5,0
R008823,0.5,0
R009170,0.5,0
R009705,0.5,0
R001870,0.5,0
R002123,0.5,0
R002255,0.5,0
R003909,0.5,0
R005231,0.5,0
R005801,0.5,0
R005981,0.5,0
R006859,0.5,0
R009403,0.5,0
R009528,0.5,0
R009808,0.5,0
R001987,0.5,0
R005443,0.5,0
R006743,0.5,0
R007262,0.5,0
R007611,0.5,0
R009620,0.5,0
R000094,0.5,0
R000285,0.5,0
R000771,0.5,0
R001130,0.5,0
R001402,0.5,0
R001703,0.5,0
R001904,0.5,0
R002371,0.5,0
R002563,0.5,0
R004154,0.5,0
R007928,0.5,0
R007968,0.5,0
R008285,0.5,0
R000599,0.5,0
R000769,0.5,0
R002250,0.5,0
R003687,0.5,0
R007629,0.5,0
R008278,0.5,0
R001988,0.5,0
R002094,0.5,0
R003252,0.5,0
R003521,0.5,0
R003737,0.5,0
R006302,0.5,0
R006852,0.5,0
R009427,0.5,0
R000413,0.5,0
R004045,0.5,0
R005623,0.5,0
R005668,0.5,0
R006506,0.5,0
R007855,0.5,0
R008687,0.5,0
R009146,0.5,0
R009547,0.5,0
R000330,0.5,0
R003865,0.5,0
R004084,0.5,0
R004363,0.5,0
R007021,0.5,0
R007605,0.5,0
R009592,0.5,0
R009807,0.5,0
R001412,0.5,0
R005683,0.5,0
R006203,0.5,0
R007509,0.5,0
R008144,0.5,0
R000031,0.5,0
R000381,0.5,0
R002009,0.5,0
R002206,0.5,0
R002488,0.5,0
R003589,0.5,0
R004094,0.5,0
R004965,0.5,0
R006248,0.5,0
R006418,0.5,0
R009688,0.5,0
R000373,0.5,0
R002516,0.5,0
R002707,0.5,0
R003873,0.5,0
R004364,0.5,0
R008372,0.5,0
R008839,0.5,0
R009121,0.5,0
R004703,0.5,0
R004962,0.5,0
R005079,0.5,0
R005550,0.5,0
R005813,0.5,0
R006077,0.5,0
R008167,0.5,0
R002326,0.5,0
R002339,0.5,0
R002683,0.5,0
R005274,0.5,0
R005891,0.5,0
R007903,0.5,0
R008137,0.5,0
R000313,0.5,0
R003005,0.5,0
R004433,0.5,0
R004930,0.5,0
R005939,0.5,0
R006545,0.5,0
R008216,0.5,0
R000374,0.5,0
R002050,0.5,0
R002699,0.5,0
R002939,0.5,0
R003939,0.5,0
R006524,0.5,0
R007289,0.5,0
R008103,0.5,0
R008691,0.5,0
R002340,0.5,0
R003283,0.5,0
R004370,0.5,0
R005927,0.5,0
R005971,0.5,0
R006357,0.5,0
R008855,0.5,0
R000269,0.5,0
R000289,0.5,0
R000890,0.5,0
R002018,0.5,0
R003603,0.5,0
R005819,0.5,0
R007259,0.5,0
R007617,0.5,0
R008129,0.5,0
R008383,0.5,0
R008741,0.5,0
R009306,0.5,0
R000054,0.5,0
R001253,0.5,0
R003425,0.5,0
R004919,0.5,0
R006263,0.5,0
R006313,0.5,0
R009140,0.5,0
R000546,0.5,0
R001404,0.5,0
R002987,0.5,0
R003018,0.5,0
R003641,0.5,0
R003818,0.5,0
R005957,0.5,0
R006556,0.5,0
R008877,0.5,0
R009495,0.5,0
R009496,0.5,0
R009715,0.5,0
R009752,0.5,0
R001469,0.5,0
R002028,0.5,0
R003101,0.5,0
R004023,0.5,0
R006063,0.5,0
R006150,0.5,0
R009702,0.5,0
R000072,0.5,0
R000725,0.5,0
R001568,0.5,0
R006920,0.5,0
R008405,0.5,0
R000318,0.5,0
R003056,0.5,0
R003467,0.5,0
R006036,0.5,0
R007348,0.5,0
R007482,0.5,0
R007483,0.5,0
R007621,0.5,0
R007890,0.5,0
R008711,0.5,0
R009767,0.5,0
R001884,0.5,0
R002946,0.5,0
R005074,0.5,0
R005530,0.5,0
R006512,0.5,0
R007975,0.5,0
R008356,0.5,0
R008684,0.5,0
R008960,0.5,0
R000312,0.5,0
R001024,0.5,0
R001570,0.5,0
R002019,0.5,0
R002291,0.5,0
R003093,0.5,0
R003202,0.5,0
R004407,0.5,0
R006157,0.5,0
R006227,0.5,0
R007274,0.5,0
R008195,0.5,0
R008518,0.5,0
R009319,0.5,0
R009396,0.5,0
R000272,0.5,0
R000511,0.5,0
R001138,0.5,0
R005641,0.5,0
R005667,0.5,0
R007700,0.5,0
R008376,0.5,0
R008656,0.5,0
R008889,0.5,0
R009128,0.5,0
R001347,0.5,0
R001616,0.5,0
R003464,0.5,0
R003533,0.5,0
R003755,0.5,0
R003886,0.5,0
R005596,0.5,0
R006618,0.5,0
R006765,0.5,0
R000635,0.5,0
R002093,0.5,0
R004392,0.5,0
R006323,0.5,0
R007754,0.5,0
R008989,0.5,0
R009434,0.5,0
R004426,0.5,0
R004580,0.5,0
R006408,0.5,0
R007439,0.5,0
R007513,0.5,0
R009542,0.5,0
R001075,0.5,0
R001748,0.5,0
R002526,0.5,0
R002545,0.5,0
R002631,0.5,0
R005066,0.5,0
R007290,0.5,0
R007382,0.5,0
R007772,0.5,0
R009955,0.5,0
R001551,0.5,0
R003717,0.5,0
R005647,0.5,0
R006568,0.5,0
R006857,0.5,0
R006861,0.5,0
R007105,0.5,0
R008010,0.5,0
R008029,0.5,0
R008546,0.5,0
R009782,0.5,0
R000907,0.5,0
R001155,0.5,0
R003920,0.5,0
R005738,0.5,0
R008496,0.5,0
R008678,0.5,0
R009450,0.5,0
R009677,0.5,0
R001867,0.5,0
R003972,0.5,0
R005116,0.5,0
R005781,0.5,0
R006103,0.5,0
R007697,0.5,0
R008068,0.5,0
R000781,0.5,0
R002665,0.5,0
R005537,0.5,0
R005761,0.5,0
R006635,0.5,0
R006651,0.5,0
R006685,0.5,0
R007215,0.5,0
R008871,0.5,0
R009089,0.5,0
R009548,0.5,0
R001008,0.5,0
R001262,0.5,0
R001464,0.5,0
R001506,0.5,0
R002492,0.5,0
R002806,0.5,0
R003359,0.5,0
R003389,0.5,0
R003678,0.5,0
R004505,0.5,0
R005675,0.5,0
R006111,0.5,0
R007876,0.5,0
R009507,0.5,0
R009851,0.5,0
R001087,0.5,0
R008126,0.5,0
R009959,0.5,0
R000482,0.5,0
R000938,0.5,0
R001688,0.5,0
R001878,0.5,0
R002101,0.5,0
R002286,0.5,0
R002729,0.5,0
R002756,0.5,0
R004424,0.5,0
R009062,0.5,0
R001243,0.5,0
R001911,0.5,0
R001968,0.5,0
R002182,0.5,0
R002776,0.5,0
R003443,0.5,0
R006510,0.5,0
R006898,0.5,0
R007284,0.5,0
R008544,0.5,0
R009237,0.5,0
R009673,0.5,0
R009722,0.5,0
R002049,0.5,0
R002081,0.5,0
R008739,0.5,0
R009272,0.5,0
R000115,0.5,0
R000250,0.5,0
R000951,0.5,0
R001595,0.5,0
R003082,0.5,0
R003742,0.5,0
R004819,0.5,0
R005126,0.5,0
R005467,0.5,0
R006127,0.5,0
R007327,0.5,0
R007726,0.5,0
R008181,0.5,0
R005025,0.5,0
R005499,0.5,0
R005520,0.5,0
R007319,0.5,0
R000627,0.5,0
R001538,0.5,0
R004513,0.5,0
R004550,0.5,0
R005435,0.5,0
R006624,0.5,0
R007004,0.5,0
R009346,0.5,0
R000540,0.5,0
R000842,0.5,0
R001993,0.5,0
R003081,0.5,0
R004180,0.5,0
R005083,0.5,0
R005833,0.5,0
R007623,0.5,0
R007953,0.5,0
R008342,0.5,0
R008793,0.5,0
R000324,0.5,0
R001328,0.5,0
R001339,0.5,0
R002348,0.5,0
R005151,0.5,0
R005284,0.5,0
R005882,0.5,0
R006591,0.5,0
R006785,0.5,0
R008636,0.5,0
R000665,0.5,0
R000925,0.5,0
R002138,0.5,0
R003070,0.5,0
R005461,0.5,0
R005815,0.5,0
R007845,0.5,0
R008333,0.5,0
R009256,0.5,0
R000952,0.5,0
R001295,0.5,0
R001979,0.5,0
R002820,0.5,0
R003571,0.5,0
R003634,0.5,0
R006086,0.5,0
R007228,0.5,0
R007956,0.5,0
R000188,0.5,0
R000634,0.5,0
R002764,0.5,0
R003541,0.5,0
R007271,0.5,0
R008406,0.5,0
R004679,0.5,0
R005549,0.5,0
R005685,0.5,0
R006970,0.5,0
R007286,0.5,0
R007490,0.5,0
R000748,0.5,0
R002647,0.5,0
R003025,0.5,0
R006523,0.5,0
R007059,0.5,0
R007813,0.5,0
R009205,0.5,0
R001221,0.5,0
R001265,0.5,0
R002056,0.5,0
R003463,0.5,0
R004414,0.5,0
R005509,0.5,0
R006705,0.5,0
R008450,0.5,0
R009007,0.5,0
R009228,0.5,0
R001682,0.5,0
R004626,0.5,0
R004706,0.5,0
R004741,0.5,0
R004842,0.5,0
R002553,0.5,0
R004715,0.5,0
R006814,0.5,0
R007701,0.5,0
R001264,0.5,0
R001365,0.5,0
R003174,0.5,0
R003207,0.5,0
R003746,0.5,0
R003954,0.5,0
R004913,0.5,0
R005204,0.5,0
R005360,0.5,0
R006383,0.5,0
R007674,0.5,0
R001353,0.5,0
R002128,0.5,0
R002612,0.5,0
R003525,0.5,0
R003951,0.5,0
R004471,0.5,0
R008092,0.5,0
R008315,0.5,0
R009106,0.5,0
R000905,0.5,0
R002824,0.5,0
R004164,0.5,0
R005186,0.5,0
R008176,0.5,0
R001017,0.5,0
R003803,0.5,0
R004158,0.5,0
R004403,0.5,0
R005344,0.5,0
R005427,0.5,0
R006015,0.5,0
R008286,0.5,0
R008289,0.5,0
R009282,0.5,0
R009451,0.5,0
R000248,0.5,0
R000337,0.5,0
R002888,0.5,0
R003706,0.5,0
R005283,0.5,0
R006085,0.5,0
R006092,0.5,0
R008194,0.5,0
R008377,0.5,0
R009474,0.5,0
R000160,0.5,0
R002413,0.5,0
R005473,0.5,0
R007108,0.5,0
R009257,0.5,0
R000780,0.5,0
R003624,0.5,0
R003728,0.5,0
R004120,0.5,0
R005092,0.5,0
R005484,0.5,0
R005796,0.5,0
R006699,0.5,0
R001807,0.5,0
R001916,0.5,0
R002890,0.5,0
R003574,0.5,0
R003926,0.5,0
R004097,0.5,0
R004274,0.5,0
R005970,0.5,0
R005995,0.5,0
R009944,0.5,0
R000449,0.5,0
R001686,0.5,0
R001959,0.5,0
R003488,0.5,0
R004128,0.5,0
R006149,0.5,0
R006820,0.5,0
R008120,0.5,0
R009317,0.5,0
R000310,0.5,0
R001477,0.5,0
R002109,0.5,0
R003001,0.5,0
R003484,0.5,0
R003990,0.5,0
R006992,0.5,0
R009090,0.5,0
R009171,0.5,0
R000577,0.5,0
R001023,0.5,0
R004690,0.5,0
R005004,0.5,0
R005139,0.5,0
R005243,0.5,0
R005696,0.5,0
R006848,0.5,0
R000216,0.5,0
R002681,0.5,0
R003519,0.5,0
R006716,0.5,0
R009360,0.5,0
R000131,0.5,0
R003523,0.5,0
R003854,0.5,0
R005497,0.5,0
R006363,0.5,0
R007992,0.5,0
R009175,0.5,0
R000385,0.5,0
R000438,0.5,0
R003336,0.5,0
R004697,0.5,0
R005848,0.5,0
R005972,0.5,0
R008619,0.5,0
R001523,0.5,0
R003048,0.5,0
R003622,0.5,0
R004208,0.5,0
R005915,0.5,0
R006158,0.5,0
R009906,0.5,0
R001623,0.5,0
R002045,0.5,0
R002743,0.5,0
R004462,0.5,0
R005854,0.5,0
R006068,0.5,0
R008841,0.5,0
R008892,0.5,0
R008936,0.5,0
R000574,0.5,0
R002763,0.5,0
R003375,0.5,0
R003492,0.5,0
R003988,0.5,0
R004938,0.5,0
R005015,0.5,0
R005038,0.5,0
R009971,0.5,0
R009985,0.5,0
R000621,0.5,0
R000673,0.5,0
R002777,0.5,0
R003481,0.5,0
R003552,0.5,0
R004107,0.5,0
R006034,0.5,0
R006810,0.5,0
R007114,0.5,0
R008933,0.5,0
R009353,0.5,0
R009743,0.5,0
R000339,0.5,0
R005006,0.5,0
R006002,0.5,0
R007360,0.5,0
R008175,0.5,0
R008730,0.5,0
R009181,0.5,0
R009472,0.5,0
R009517,0.5,0
R000180,0.5,0
R001039,0.5,0
R001069,0.5,0
R004798,0.5,0
R004801,0.5,0
R005887,0.5,0
R006457,0.5,0
R006594,0.5,0
R006755,0.5,0
R008320,0.5,0
R009397,0.5,0
R009445,0.5,0
R000848,0.5,0
R000937,0.5,0
R002632,0.5,0
R003139,0.5,0
R005229,0.5,0
R007612,0.5,0
R007949,0.5,0
R009447,0.5,0
R009634,0.5,0
R000239,0.5,0
R000614,0.5,0
R001801,0.5,0
R002364,0.5,0
R002469,0.5,0
R004214,0.5,0
R005313,0.5,0
R005490,0.5,0
R005938,0.5,0
R006662,0.5,0
R007187,0.5,0
R007467,0.5,0
R001364,0.5,0
R001999,0.5,0
R002015,0.5,0
R004470,0.5,0
R005521,0.5,0
R006966,0.5,0
R008481,0.5,0
R002487,0.5,0
R002919,0.5,0
R003811,0.5,0
R005669,0.5,0
R007064,0.5,0
R007339,0.5,0
R008392,0.5,0
R008624,0.5,0
R002713,0.5,0
R007293,0.5,0
R007440,0.5,0
R007833,0.5,0
R008214,0.5,0
R002540,0.5,0
R003253,0.5,0
R005403,0.5,0
R006735,0.5,0
R007137,0.5,0
R002969,0.5,0
R003370,0.5,0
R003451,0.5,0
R005751,0.5,0
R005752,0.5,0
R006090,0.5,0
R007394,0.5,0
R008273,0.5,0
R008861,0.5,0
R009586,0.5,0
R000502,0.5,0
R000537,0.5,0
R002797,0.5,0
R004143,0.5,0
R005959,0.5,0
R007574,0.5,0
R008786,0.5,0
R008904,0.5,0
R000364,0.5,0
R001273,0.5,0
R002589,0.5,0
R003586,0.5,0
R003880,0.5,0
R004756,0.5,0
R006414,0.5,0
R006601,0.5,0
R007885,0.5,0
R008430,0.5,0
R008803,0.5,0
R009241,0.5,0
R009558,0.5,0
R009631,0.5,0
R000345,0.5,0
R001454,0.5,0
R003058,0.5,0
R003683,0.5,0
R004126,0.5,0
R004484,0.5,0
R005029,0.5,0
R005214,0.5,0
R005829,0.5,0
R006096,0.5,0
R007652,0.5,0
R007722,0.5,0
R008631,0.5,0
R009632,0.5,0
R001577,0.5,0
R004686,0.5,0
R006116,0.5,0
R007797,0.5,0
R009701,0.5,0
R001809,0.5,0
R001853,0.5,0
R001903,0.5,0
R002717,0.5,0
R004420,0.5,0
R005119,0.5,0
R005587,0.5,0
R007762,0.5,0
R008013,0.5,0
R008992,0.5,0
R009536,0.5,0
R009680,0.5,0
R000183,0.5,0
R000386,0.5,0
R001244,0.5,0
R002587,0.5,0
R005722,0.5,0
R007898,0.5,0
R008160,0.5,0
R008422,0.5,0
R008848,0.5,0
R009869,0.5,0
